{
    "train_loss": 0.05319192633032799,
    "train_accuracy": 0.9829855561256409,
    "val_loss": 0.38389503955841064,
    "val_accuracy": 0.9487179517745972
}